/posts/135 /2018/09/04/tunng-sleepwalking.html
/posts/tunng-sleepwalking /2018/09/04/tunng-sleepwalking.html
/posts/134 /2018/08/19/the-importance-of-beauty.html
/posts/the-importance-of-beauty /2018/08/19/the-importance-of-beauty.html
/posts/133 /2017/11/24/algarve-2017.html
/posts/algarve-2017 /2017/11/24/algarve-2017.html
/posts/132 /2017/02/02/starting-small.html
/posts/starting-small /2017/02/02/starting-small.html
/posts/131 /2017/01/24/wisdom-in-smallness.html
/posts/wisdom-in-smallness /2017/01/24/wisdom-in-smallness.html
/posts/130 /2016/11/23/photographs-of-seats.html
/posts/photographs-of-seats /2016/11/23/photographs-of-seats.html
/posts/129 /2016/09/21/trainspotting.html
/posts/trainspotting /2016/09/21/trainspotting.html
/posts/128 /2016/03/09/conway-s-game-of-life-with-redux-canvas.html
/posts/conway-s-game-of-life-with-redux-canvas /2016/03/09/conway-s-game-of-life-with-redux-canvas.html
/posts/127 /2016/03/07/february-2016-playlist.html
/posts/february-2016-playlist /2016/03/07/february-2016-playlist.html
/posts/126 /2016/01/12/converse.html
/posts/converse /2016/01/12/converse.html
/posts/125 /2016/01/08/blosh-give-it-away.html
/posts/blosh-give-it-away /2016/01/08/blosh-give-it-away.html
/posts/124 /2015/11/22/letterpress.html
/posts/letterpress /2015/11/22/letterpress.html
/posts/123 /2015/10/30/efterklang-s-mirador-vs-ustwo-s-monument-valley.html
/posts/efterklang-s-mirador-vs-ustwo-s-monument-valley /2015/10/30/efterklang-s-mirador-vs-ustwo-s-monument-valley.html
/posts/122 /2015/10/27/technology-for-saving-time.html
/posts/technology-for-saving-time /2015/10/27/technology-for-saving-time.html
/posts/121 /2015/10/02/the-essence-of-programming.html
/posts/the-essence-of-programming /2015/10/02/the-essence-of-programming.html
/posts/120 /2015/09/18/this-and-that-and-that.html
/posts/this-and-that-and-that /2015/09/18/this-and-that-and-that.html
/posts/119 /2015/06/14/turbine.html
/posts/turbine /2015/06/14/turbine.html
/posts/118 /2015/02/21/graphical-integrity-in-data-visualisations.html
/posts/graphical-integrity-in-data-visualisations /2015/02/21/graphical-integrity-in-data-visualisations.html
/posts/117 /2014/12/11/emergency-use-only.html
/posts/emergency-use-only /2014/12/11/emergency-use-only.html
/posts/116 /2014/12/07/david-heinemeier-hansson-on-ambition.html
/posts/david-heinemeier-hansson-on-ambition /2014/12/07/david-heinemeier-hansson-on-ambition.html
/posts/115 /2014/10/07/attention.html
/posts/attention /2014/10/07/attention.html
/posts/114 /2014/09/22/the-not-so-straight-the-not-so-perfect.html
/posts/the-not-so-straight-the-not-so-perfect /2014/09/22/the-not-so-straight-the-not-so-perfect.html
/posts/113 /2014/09/19/aphex-twin-on-smartphones.html
/posts/aphex-twin-on-smartphones /2014/09/19/aphex-twin-on-smartphones.html
/posts/112 /2014/09/19/barcelona-2014.html
/posts/barcelona-2014 /2014/09/19/barcelona-2014.html
/posts/111 /2014/09/13/preferences-in-user-interface-design.html
/posts/preferences-in-user-interface-design /2014/09/13/preferences-in-user-interface-design.html
/posts/110 /2014/08/29/array-controllers-in-ember-js.html
/posts/array-controllers-in-ember-js /2014/08/29/array-controllers-in-ember-js.html
/posts/109 /2014/08/15/portable.html
/posts/portable /2014/08/15/portable.html
/posts/108 /2014/07/18/don-norman-s-law.html
/posts/don-norman-s-law /2014/07/18/don-norman-s-law.html
/posts/107 /2014/07/05/the-putter.html
/posts/the-putter /2014/07/05/the-putter.html
/posts/106 /2014/07/01/david-shrigley-tableware.html
/posts/david-shrigley-tableware /2014/07/01/david-shrigley-tableware.html
/posts/105 /2014/06/30/bali-2014.html
/posts/bali-2014 /2014/06/30/bali-2014.html
/posts/104 /2014/06/08/put-things-in-their-places-benjamin-franklin-s-schedule.html
/posts/put-things-in-their-places-benjamin-franklin-s-schedule /2014/06/08/put-things-in-their-places-benjamin-franklin-s-schedule.html
/posts/103 /2014/06/05/hong-kong-2014.html
/posts/hong-kong-2014 /2014/06/05/hong-kong-2014.html
/posts/102 /2014/05/31/kecak.html
/posts/kecak /2014/05/31/kecak.html
/posts/101 /2014/05/14/silverdale.html
/posts/silverdale /2014/05/14/silverdale.html
/posts/100 /2014/05/06/iterative-design.html
/posts/iterative-design /2014/05/06/iterative-design.html
/posts/99 /2014/02/18/wayfarer.html
/posts/wayfarer /2014/02/18/wayfarer.html
/posts/98 /2014/01/31/soundscape-defrost.html
/posts/soundscape-defrost /2014/01/31/soundscape-defrost.html
/posts/97 /2014/01/26/simplification.html
/posts/simplification /2014/01/26/simplification.html
/posts/96 /2014/01/24/knives-and-forks.html
/posts/knives-and-forks /2014/01/24/knives-and-forks.html
/posts/95 /2014/01/08/the-things-you-already-own.html
/posts/the-things-you-already-own /2014/01/08/the-things-you-already-own.html
/posts/94 /2013/12/19/flicker.html
/posts/flicker /2013/12/19/flicker.html
/posts/93 /2013/12/04/ry-x-shortline.html
/posts/ry-x-shortline /2013/12/04/ry-x-shortline.html
/posts/92 /2013/11/11/mathematicians-vs-engineers.html
/posts/mathematicians-vs-engineers /2013/11/11/mathematicians-vs-engineers.html
/posts/91 /2013/11/11/hotel-books.html
/posts/hotel-books /2013/11/11/hotel-books.html
/posts/90 /2013/10/18/the-culture-of-distraction.html
/posts/the-culture-of-distraction /2013/10/18/the-culture-of-distraction.html
/posts/89 /2013/10/17/all-the-features.html
/posts/all-the-features /2013/10/17/all-the-features.html
/posts/88 /2013/10/14/technology-that-matters.html
/posts/technology-that-matters /2013/10/14/technology-that-matters.html
/posts/87 /2013/10/07/simple-things.html
/posts/simple-things /2013/10/07/simple-things.html
/posts/86 /2013/10/03/spinach-thoroughbred.html
/posts/spinach-thoroughbred /2013/10/03/spinach-thoroughbred.html
/posts/85 /2013/09/28/rick-rubin-on-minimalism.html
/posts/rick-rubin-on-minimalism /2013/09/28/rick-rubin-on-minimalism.html
/posts/84 /2013/09/20/what-am-i-listening-to.html
/posts/what-am-i-listening-to /2013/09/20/what-am-i-listening-to.html
/posts/83 /2013/09/17/one-six-seven.html
/posts/one-six-seven /2013/09/17/one-six-seven.html
/posts/82 /2013/09/17/dieter-rams-on-good-design.html
/posts/dieter-rams-on-good-design /2013/09/17/dieter-rams-on-good-design.html
/posts/81 /2013/09/12/backbone-js-patterns-pt-3-excluding-non-persisted-attributes.html
/posts/backbone-js-patterns-pt-3-excluding-non-persisted-attributes /2013/09/12/backbone-js-patterns-pt-3-excluding-non-persisted-attributes.html
/posts/80 /2013/09/11/watch.html
/posts/watch /2013/09/11/watch.html
/posts/79 /2013/08/29/backbone-js-patterns-pt-2-don-t-make-me-think.html
/posts/backbone-js-patterns-pt-2-don-t-make-me-think /2013/08/29/backbone-js-patterns-pt-2-don-t-make-me-think.html
/posts/78 /2013/08/21/backbone-js-patterns-pt-1-maintaining-the-uniform-access-principle.html
/posts/backbone-js-patterns-pt-1-maintaining-the-uniform-access-principle /2013/08/21/backbone-js-patterns-pt-1-maintaining-the-uniform-access-principle.html
/posts/77 /2013/08/09/improving-tfl-s-live-bus-timetables-uncle-gus.html
/posts/improving-tfl-s-live-bus-timetables-uncle-gus /2013/08/09/improving-tfl-s-live-bus-timetables-uncle-gus.html
/posts/76 /2013/07/28/compair-a-typeface-comparison-tool.html
/posts/compair-a-typeface-comparison-tool /2013/07/28/compair-a-typeface-comparison-tool.html
/posts/75 /2013/07/21/designers-humanize-technology.html
/posts/designers-humanize-technology /2013/07/21/designers-humanize-technology.html
/posts/74 /2013/07/03/making-use-of-new-design-technologies.html
/posts/making-use-of-new-design-technologies /2013/07/03/making-use-of-new-design-technologies.html
/posts/73 /2013/07/02/untrustworthy-fast-news.html
/posts/untrustworthy-fast-news /2013/07/02/untrustworthy-fast-news.html
/posts/72 /2013/06/30/wing.html
/posts/wing /2013/06/30/wing.html
/posts/71 /2013/06/17/korg-volca-series.html
/posts/korg-volca-series /2013/06/17/korg-volca-series.html
/posts/70 /2013/06/13/albums-mid-2013.html
/posts/albums-mid-2013 /2013/06/13/albums-mid-2013.html
/posts/69 /2013/04/28/daughter.html
/posts/daughter /2013/04/28/daughter.html
/posts/68 /2013/04/19/what-makes-us-feel-good-about-our-work.html
/posts/what-makes-us-feel-good-about-our-work /2013/04/19/what-makes-us-feel-good-about-our-work.html
/posts/67 /2013/04/17/vox-populi.html
/posts/vox-populi /2013/04/17/vox-populi.html
/posts/66 /2013/04/16/overload-clutter-and-confusion.html
/posts/overload-clutter-and-confusion /2013/04/16/overload-clutter-and-confusion.html
/posts/65 /2013/04/12/cennydd-bowles-the-things-of-the-future.html
/posts/cennydd-bowles-the-things-of-the-future /2013/04/12/cennydd-bowles-the-things-of-the-future.html
/posts/64 /2013/04/07/inge-druckrey-on-roman-lettering.html
/posts/inge-druckrey-on-roman-lettering /2013/04/07/inge-druckrey-on-roman-lettering.html
/posts/63 /2013/04/07/blue.html
/posts/blue /2013/04/07/blue.html
/posts/62 /2013/03/27/tl-dr.html
/posts/tl-dr /2013/03/27/tl-dr.html
/posts/61 /2013/03/22/hierarchy.html
/posts/hierarchy /2013/03/22/hierarchy.html
/posts/60 /2013/03/18/camille-ta-douleur.html
/posts/camille-ta-douleur /2013/03/18/camille-ta-douleur.html
/posts/59 /2013/03/14/rollers.html
/posts/rollers /2013/03/14/rollers.html
/posts/58 /2013/03/14/sound-323.html
/posts/sound-323 /2013/03/14/sound-323.html
/posts/57 /2013/03/06/post-57.html
/posts/post-57 /2013/03/06/post-57.html
/posts/56 /2013/02/20/twitter-burnout.html
/posts/twitter-burnout /2013/02/20/twitter-burnout.html
/posts/55 /2013/02/19/guggenheim.html
/posts/guggenheim /2013/02/19/guggenheim.html
/posts/54 /2013/02/18/complexity.html
/posts/complexity /2013/02/18/complexity.html
/posts/53 /2013/02/14/dan-deacon-true-thrush.html
/posts/dan-deacon-true-thrush /2013/02/14/dan-deacon-true-thrush.html
/posts/52 /2013/02/07/playlist-jan-2013.html
/posts/playlist-jan-2013 /2013/02/07/playlist-jan-2013.html
/posts/51 /2013/02/04/foliage.html
/posts/foliage /2013/02/04/foliage.html
/posts/50 /2013/02/03/2cv.html
/posts/2cv /2013/02/03/2cv.html
/posts/49 /2013/02/01/etna.html
/posts/etna /2013/02/01/etna.html
/posts/48 /2013/01/29/the-awkwardness-of-drag-and-drop-file-uploads.html
/posts/the-awkwardness-of-drag-and-drop-file-uploads /2013/01/29/the-awkwardness-of-drag-and-drop-file-uploads.html
/posts/47 /2013/01/29/man-power-rgb.html
/posts/man-power-rgb /2013/01/29/man-power-rgb.html
/posts/46 /2013/01/14/features-of-print-media-from-a-digital-media-perspective.html
/posts/features-of-print-media-from-a-digital-media-perspective /2013/01/14/features-of-print-media-from-a-digital-media-perspective.html
/posts/45 /2013/01/13/see-attached.html
/posts/see-attached /2013/01/13/see-attached.html
/posts/44 /2013/01/11/launderette.html
/posts/launderette /2013/01/11/launderette.html
/posts/43 /2013/01/11/a-starting-point-for-choosing-typefaces.html
/posts/a-starting-point-for-choosing-typefaces /2013/01/11/a-starting-point-for-choosing-typefaces.html
/posts/42 /2013/01/04/helvetica-2007.html
/posts/helvetica-2007 /2013/01/04/helvetica-2007.html
/posts/41 /2013/01/02/careful-design.html
/posts/careful-design /2013/01/02/careful-design.html
/posts/40 /2012/11/30/people-quickly-expect-app.html
/posts/people-quickly-expect-app /2012/11/30/people-quickly-expect-app.html
/posts/39 /2012/11/21/steve-jobs-on-being-at-apple.html
/posts/steve-jobs-on-being-at-apple /2012/11/21/steve-jobs-on-being-at-apple.html
/posts/38 /2012/11/12/on-trying-to-please-everyone.html
/posts/on-trying-to-please-everyone /2012/11/12/on-trying-to-please-everyone.html
/posts/37 /2012/10/30/london-and-creativity.html
/posts/london-and-creativity /2012/10/30/london-and-creativity.html
/posts/36 /2012/10/27/mp3s-vs-records-printed-books-vs-e-books.html
/posts/mp3s-vs-records-printed-books-vs-e-books /2012/10/27/mp3s-vs-records-printed-books-vs-e-books.html
/posts/35 /2012/10/20/please-select.html
/posts/please-select /2012/10/20/please-select.html
/posts/34 /2012/10/16/motivation.html
/posts/motivation /2012/10/16/motivation.html
/posts/33 /2012/10/11/alternative-electronica.html
/posts/alternative-electronica /2012/10/11/alternative-electronica.html
/posts/32 /2012/08/31/using-backbone-js-class-properties-as-data-stores-part-2.html
/posts/using-backbone-js-class-properties-as-data-stores-part-2 /2012/08/31/using-backbone-js-class-properties-as-data-stores-part-2.html
/posts/31 /2012/08/30/using-backbone-js-class-properties-as-data-stores.html
/posts/using-backbone-js-class-properties-as-data-stores /2012/08/30/using-backbone-js-class-properties-as-data-stores.html
/posts/30 /2012/05/18/jquery-knob-and-ff-chartwell.html
/posts/jquery-knob-and-ff-chartwell /2012/05/18/jquery-knob-and-ff-chartwell.html
/posts/29 /2012/05/14/tds.html
/posts/tds /2012/05/14/tds.html
/posts/28 /2012/04/28/slowness.html
/posts/slowness /2012/04/28/slowness.html
/posts/27 /2012/04/25/badly-drawn-boy-my-friend-cubilas.html
/posts/badly-drawn-boy-my-friend-cubilas /2012/04/25/badly-drawn-boy-my-friend-cubilas.html
/posts/26 /2012/04/19/ampersand-infinite.html
/posts/ampersand-infinite /2012/04/19/ampersand-infinite.html
/posts/25 /2012/04/16/stewart-lee-on-university-funding-and-the-arts.html
/posts/stewart-lee-on-university-funding-and-the-arts /2012/04/16/stewart-lee-on-university-funding-and-the-arts.html
/posts/24 /2012/04/11/london-sometimes.html
/posts/london-sometimes /2012/04/11/london-sometimes.html
/posts/23 /2012/04/09/innovation-comes-from-saying-no.html
/posts/innovation-comes-from-saying-no /2012/04/09/innovation-comes-from-saying-no.html
/posts/22 /2012/04/03/music-from-japan.html
/posts/music-from-japan /2012/04/03/music-from-japan.html
/posts/21 /2012/03/23/good-morning.html
/posts/good-morning /2012/03/23/good-morning.html
/posts/20 /2012/03/22/a-collection-of-lyrics-from-david-shrigley-s-worried-noodles.html
/posts/a-collection-of-lyrics-from-david-shrigley-s-worried-noodles /2012/03/22/a-collection-of-lyrics-from-david-shrigley-s-worried-noodles.html
/posts/19 /2012/03/20/pain.html
/posts/pain /2012/03/20/pain.html
/posts/18 /2012/03/06/the-experience-of-signing-up-to-o2-home-broadband.html
/posts/the-experience-of-signing-up-to-o2-home-broadband /2012/03/06/the-experience-of-signing-up-to-o2-home-broadband.html
/posts/17 /2012/03/02/rd.html
/posts/rd /2012/03/02/rd.html
/posts/16 /2012/02/07/the-best-and-worst-sentence-i-ve-ever-read.html
/posts/the-best-and-worst-sentence-i-ve-ever-read /2012/02/07/the-best-and-worst-sentence-i-ve-ever-read.html
/posts/15 /2012/02/02/t.html
/posts/t /2012/02/02/t.html
/posts/14 /2012/01/30/i-haven-t-seen-most-films.html
/posts/i-haven-t-seen-most-films /2012/01/30/i-haven-t-seen-most-films.html
/posts/13 /2012/01/26/from-lato-to-calluna-sans.html
/posts/from-lato-to-calluna-sans /2012/01/26/from-lato-to-calluna-sans.html
/posts/12 /2012/01/22/trustworthy-fonts.html
/posts/trustworthy-fonts /2012/01/22/trustworthy-fonts.html
/posts/11 /2012/01/20/new-project-and-open-source-stuff.html
/posts/new-project-and-open-source-stuff /2012/01/20/new-project-and-open-source-stuff.html
/posts/10 /2012/01/19/taxes.html
/posts/taxes /2012/01/19/taxes.html
/posts/9 /2011/11/09/neuroscience.html
/posts/neuroscience /2011/11/09/neuroscience.html
/posts/8 /2011/11/06/found-locked-out.html
/posts/found-locked-out /2011/11/06/found-locked-out.html
/posts/7 /2011/10/30/bletchley-park.html
/posts/bletchley-park /2011/10/30/bletchley-park.html
/posts/6 /2011/10/12/nonsense.html
/posts/nonsense /2011/10/12/nonsense.html
/posts/5 /2011/10/10/ten-years-taking-pictures.html
/posts/ten-years-taking-pictures /2011/10/10/ten-years-taking-pictures.html
/posts/4 /2011/09/29/ios-placeholder-juration.html
/posts/ios-placeholder-juration /2011/09/29/ios-placeholder-juration.html
/posts/3 /2011/08/18/the-wwwonderful-unstable-medium.html
/posts/the-wwwonderful-unstable-medium /2011/08/18/the-wwwonderful-unstable-medium.html
/posts/2 /2011/08/06/a-simple-website-on-rails.html
/posts/a-simple-website-on-rails /2011/08/06/a-simple-website-on-rails.html
/posts/1 /2011/08/01/hello-world.html
/posts/hello-world /2011/08/01/hello-world.html
